98 ?????????????????? - ????? | ??? - ????????? ?? jKCZaDgo4ywwYdz ?? https://www.xiaohongshu.com/discovery/item/6a0edbf60000000038022f1a?source=webshare&xhsshare=pc_web&xsec_token=ABXMSFhwiiDDu7-ajum0zXXNPO0Tk6qmAU2lRYPBkF7-g=&xsec_source=pc_share
58 ??????????????????????? - ????? | ??? - ????????? ?? Fmx8gsiEcPNSg6G ?? https://www.xiaohongshu.com/discovery/item/69da1bc40000000023022176?source=webshare&xhsshare=pc_web&xsec_token=ABl7TC3AXmlgAD8l5YSdzrIwn_XNwhPaC1JSqGsuFdYCc=&xsec_source=pc_share
67 ????????????????… - ???Addy | ??? - ????????? ?? SRbWwNOVOhAhggH ?? https://www.xiaohongshu.com/discovery/item/6953ae1a000000002102992a?source=webshare&xhsshare=pc_web&xsec_token=ABwAwmAHkwmKtX7PmJHRJ9b3l0s5wc9JpmjXPRxHL-xz4=&xsec_source=pc_share
56 ? ???_?? | ??? - ????????? ?? pLWhf26Ya81umRK ?? https://www.xiaohongshu.com/discovery/item/68d116f7000000000e0321e3?source=webshare&xhsshare=pc_web&xsec_token=ABrfmdFf2T2BFoxq4jKvMaCT_xmWWbjmEHmlE7-53th-A=&xsec_source=pc_share
12 ?vlog???????????? - ??? | ??? - ????????? ?? ME35qP9bTVfPVpK ?? https://www.xiaohongshu.com/discovery/item/6970cbe5000000002103e30a?source=webshare&xhsshare=pc_web&xsec_token=ABJqtjZwrLCEvsdDhxheq1GWaCefpgq5jsMPPwAqYEli0=&xsec_source=pc_share
72 ???????????20000 ???????… - ????? | ??? - ????????? ?? m3JeLr8FsAzWApP ?? https://www.xiaohongshu.com/discovery/item/696cdb70000000000b00a806?source=webshare&xhsshare=pc_web&xsec_token=ABGRBr-WKNxws-nBfU41VE7oA8uyOqj2WZU6i5QVKJf-g=&xsec_source=pc_share
5 ???????????????????? - ??????? | ??? - ????????? ?? NdzJmVyEdd7qP3b ?? https://www.xiaohongshu.com/discovery/item/68f8afd4000000000303a9f7?source=webshare&xhsshare=pc_web&xsec_token=ABZU1yk7e5qRQ6BqtLq-70YE3l8cNI4hLAcHa9ukkFUzs=&xsec_source=pc_share
49 ????????????1??????????? - ????? | ??? - ????????? ?? LxGp1JjiYkRiQGT ?? https://www.xiaohongshu.com/discovery/item/693ab0cd000000001e0167a0?source=webshare&xhsshare=pc_web&xsec_token=AB89ucXATgge9KZTYABqdxSULEMjPcT1PxfNc405JbD8g=&xsec_source=pc_share
37 ???????vlog???????????? - ?? | ??? - ????????? ?? k3y7RknuMCQCZuB ?? https://www.xiaohongshu.com/discovery/item/685fb301000000001c036e38?source=webshare&xhsshare=pc_web&xsec_token=ABqsrya6shvJ7lDNoh7pd467YIRsxu39HnkwqbeFqynTw=&xsec_source=pc_share
46 ?????????????????????? - ????? | ??? - ????????? ?? YxHBDnsOwocYNQ6 ?? https://www.xiaohongshu.com/discovery/item/69cbc90c0000000023021f60?source=webshare&xhsshare=pc_web&xsec_token=ABTQdM9dACKEWcEo-8KPD-gMs3tISzkxFTMnkbMiVjJtA=&xsec_source=pc_share
96 ???24h???????????????? - ?? | ??? - ????????? ?? ZrsTrMdXmhBcaza ?? https://www.xiaohongshu.com/discovery/item/69832ae3000000001a01e4ca?source=webshare&xhsshare=pc_web&xsec_token=AB2IdYer4XbF0LZaw8DPyFeBdpD6tG4xsgGTSLuau0PDw=&xsec_source=pc_share
93 ????????????????????? - ?????? | ??? - ????????? ?? PFuLcgWdyfm8wv6 ?? https://www.xiaohongshu.com/discovery/item/691ef83c000000001e010fd5?source=webshare&xhsshare=pc_web&xsec_token=ABGz_ymhXOS1dyyjFfSGJkes_NNF2gq-8jks0vmLiD3is=&xsec_source=pc_share
30 ????????????????get????? - Dahee?? | ??? - ????????? ?? PYMtQB7aJ5ucYR2 ?? https://www.xiaohongshu.com/discovery/item/68aee9e6000000001c03d7c4?source=webshare&xhsshare=pc_web&xsec_token=AB6Anb99Axn8UWpeQ_6qeFUG32iw1K-K7CXhxRkUh83uE=&xsec_source=pc_share
48 ????????????1??????????? - ????? | ??? - ????????? ?? Q70dfvwcKUKapQs ?? https://www.xiaohongshu.com/discovery/item/693ab0cd000000001e0167a0?source=webshare&xhsshare=pc_web&xsec_token=AB89ucXATgge9KZTYABqdxSULEMjPcT1PxfNc405JbD8g=&xsec_source=pc_share
10 ????????????????????…??? - ???????? | ??? - ????????? ?? B4c3fYi5kT5Avyd ?? https://www.xiaohongshu.com/discovery/item/68b7fcee000000001d03beef?source=webshare&xhsshare=pc_web&xsec_token=AB-GPnmEnCGV_HUe_GBdNz6-JhzMMOohEGuRk0AtfCKWY=&xsec_source=pc_share
16 ????????????????????? - ?? | ??? - ????????? ?? VQeo4lbTzQJNTyh ?? https://www.xiaohongshu.com/discovery/item/697210cb000000002202f401?source=webshare&xhsshare=pc_web&xsec_token=ABqqZiAqF-vP_h3vQ2pfNjedWWn52dX4VPcrU_6UpIy08=&xsec_source=pc_share
33 ???????????20000 ???????… - ????? | ??? - ????????? ?? XW0AH01NuHXfXON ?? https://www.xiaohongshu.com/discovery/item/696cdb70000000000b00a806?source=webshare&xhsshare=pc_web&xsec_token=ABGRBr-WKNxws-nBfU41VE7oA8uyOqj2WZU6i5QVKJf-g=&xsec_source=pc_share
5 ?43????????????????18?? - ??????|REAL | ??? - ????????? ?? 2iwpUaQj5svZmX9 ?? https://www.xiaohongshu.com/discovery/item/6a15adf0000000003601b013?source=webshare&xhsshare=pc_web&xsec_token=ABTpz6o7dU4Ws4IYTE1ulod-XYgijZn3Eh2coKpfNR2bI=&xsec_source=pc_share
77 ?????????? - ?? | ??? - ????????? ?? ydfTTLVFtuTUdMu ?? https://www.xiaohongshu.com/discovery/item/69a96b9a000000001a02e7fb?source=webshare&xhsshare=pc_web&xsec_token=AB6qNBZbJMmtDv_dP1_3P-co9d0KHrACJ4_EkY8U1fprQ=&xsec_source=pc_share
28 ?? ? ? ???? ? ? ? ? - ?????? | ??? - ????????? ?? SNg46mK0bQ2rePC ?? https://www.xiaohongshu.com/discovery/item/6905df4e000000000700c705?source=webshare&xhsshare=pc_web&xsec_token=AB9s82xc6OmDiDCODbaGBb8fF6e0aypH35sq7fnUOQuKQ=&xsec_source=pc_share
42 ???Do??????&??&???????? - ????Max | ??? - ????????? ?? ZyS8OJofbdmrM1q ?? https://www.xiaohongshu.com/discovery/item/690f17010000000007014f7e?source=webshare&xhsshare=pc_web&xsec_token=ABj25oam22UbcC2Y3yfOHbYXVX82a2qaOrTazzXrvckmU=&xsec_source=pc_share
61 ? ???????????? | ??? - ????????? ?? dd3S5GV05M7lMeB ?? https://www.xiaohongshu.com/discovery/item/6a16bf48000000000702c29c?source=webshare&xhsshare=pc_web&xsec_token=ABbUF6sWpfndVFYDkayNVVMjWLRrMsnXoWvCs8xihGelM=&xsec_source=pc_share
76 ???Do???????????? - ???? | ??? - ????????? ?? GdGBSdiMAEyjEyd ?? https://www.xiaohongshu.com/discovery/item/6a15b4400000000008001b1e?source=webshare&xhsshare=pc_web&xsec_token=ABTpz6o7dU4Ws4IYTE1ulod66f1Xms6lVuwfaRq4TTbGg=&xsec_source=pc_share
"63 ?33????????, - HYEN ?? ??? | ??? - ????????? ?? W75RRJKShSHuOKF ?? https://www.xiaohongshu.com/discovery/item/696b6306000000002203bfc8?source=webshare&xhsshare=pc_web&xsec_token=ABTNOKVm_ybpr7_d1gkOv59xJY_yOD7Y_e8EN6KDfzigo=&xsec_source=pc_share"
12 ???????????24h??do???????? - pika? | ??? - ????????? ?? FYrmMbplxmTW8NT ?? https://www.xiaohongshu.com/discovery/item/6a14360f0000000006023d75?source=webshare&xhsshare=pc_web&xsec_token=ABSb7veZvpJBisJMarj1cX7PUzOsaTb9czX04uYOXWHxs=&xsec_source=pc_share
92 ?2026????? - ???mm | ??? - ????????? ?? qKEYOM5gSJhgFYg ?? https://www.xiaohongshu.com/discovery/item/6a15b03700000000360039e9?source=webshare&xhsshare=pc_web&xsec_token=ABTpz6o7dU4Ws4IYTE1ulod7_bO_QuGl7j8344XZF9ANs=&xsec_source=pc_share
55 ???0 n/da???d….???????? - Mmnya | ??? - ????????? ?? N4oZ1XukI7ZPJNg ?? https://www.xiaohongshu.com/discovery/item/6a1438c400000000070281ab?source=webshare&xhsshare=pc_web&xsec_token=ABSb7veZvpJBisJMarj1cX7A_KNQ-gCxIhH2jfV8IXDtw=&xsec_source=pc_share
35 ??yc?????biu?????? - ?? | ??? - ????????? ?? Cw6ozhwfmyxNqjU ?? https://www.xiaohongshu.com/discovery/item/6a13cf9f000000003700c8e9?source=webshare&xhsshare=pc_web&xsec_token=AB7EQ5sMv2sNz3z9KBmkRFmqQZ8Un8N3s5HwZ-CiYBNgU=&xsec_source=pc_share
77 ???????????????do????? - ??????? | ??? - ????????? ?? Enq24bLw9JvfbCX ?? https://www.xiaohongshu.com/discovery/item/69d081b40000000022002603?source=webshare&xhsshare=pc_web&xsec_token=ABocAf9ntkSM_KZyLisezu2yQnTM2uEbqDekaNVnh4wLc=&xsec_source=pc_share
3 ?9????do??? - ?Zoe?? | ??? - ????????? ?? yViSRqmvysxfSeF ?? https://www.xiaohongshu.com/discovery/item/68aab408000000001d016783?source=webshare&xhsshare=pc_web&xsec_token=ABuKwIoVksGbgLMnbCrvL3U4ex28ObLXerrgEy9mOz_BM=&xsec_source=pc_share
32 ?????????????2ml?????? - ???????? | ?????? | ??? - ????????? ?? ar9qa5LKBOONteg ?? https://www.xiaohongshu.com/discovery/item/68d22e46000000001300cbc8?source=webshare&xhsshare=pc_web&xsec_token=ABbrDNr7-V9z-B1Vqq-H161JFZ9Y4CfbWTdzg4G2djxls=&xsec_source=pc_share
73 ? ???? | ??? - ????????? ?? zBrbfQhDBVEqdY9 ?? https://www.xiaohongshu.com/discovery/item/6a13e15f000000003503387e?source=webshare&xhsshare=pc_web&xsec_token=AB7EQ5sMv2sNz3z9KBmkRFmo25iso9U0qOtBjmT6vfEUk=&xsec_source=pc_share
74 ???????????6???????????? - ???? | ??? - ????????? ?? TuWv0NbF1DFvcUV ?? https://www.xiaohongshu.com/discovery/item/68499847000000001101db6f?source=webshare&xhsshare=pc_web&xsec_token=ABmfHBcIJj7LFdoen-SW70RLZCmibMMojA4qS4g6Nu6KU=&xsec_source=pc_share
3 ???????48h???????????? - ???? | ??? - ????????? ?? Bl8SuW0f7b8FAjA ?? https://www.xiaohongshu.com/discovery/item/695f8af0000000001a033ee1?source=webshare&xhsshare=pc_web&xsec_token=AB_SWYEiS0ANvI8IyPIYFkGw8CfD0YYu5xE9Zo3zR2wG0=&xsec_source=pc_share
44 ????????????“?????” - ???? | ??? - ????????? ?? 4NpgSWqivHVFA1c ?? https://www.xiaohongshu.com/discovery/item/6979d457000000000a0280a9?source=webshare&xhsshare=pc_web&xsec_token=ABHRkFn9Y7u5Z6IGLA5GCKw4p5D9aBS1cX_UbPnXVTVdM=&xsec_source=pc_share
82 ???????????????? - ????????? | ?? | ??? - ????????? ?? IHICjdpgWJyG3HB ?? https://www.xiaohongshu.com/discovery/item/6a01d9af0000000007013dff?source=webshare&xhsshare=pc_web&xsec_token=AB1xIDHPvWvj4nw4_3VBs0r0pTxijQYF1N7B2Jw0CkmQU=&xsec_source=pc_share
56 ???????????? |???????? - ????? | ??? - ????????? ?? sHVhFZcXQA69NQh ?? https://www.xiaohongshu.com/discovery/item/6a03297a000000003701c1d6?source=webshare&xhsshare=pc_web&xsec_token=ABvQdmPqLOMYMlvBnwclLRLuv2ayu76bJeji-UrZDTtDg=&xsec_source=pc_share
58 ???????????????????? ? - ??????? | ??? - ????????? ?? 8VvqzhVZZzDC2ML ?? https://www.xiaohongshu.com/discovery/item/687e82f7000000001c0346cd?source=webshare&xhsshare=pc_web&xsec_token=ABmIIGBZbnm3O_QlIGbqEVEwmCEYdXoFqOgI0FSDE1KZI=&xsec_source=pc_share
98 ??????????????????????? - ???_ | ??? - ????????? ?? X2KQ8jV0jcegvbu ?? https://www.xiaohongshu.com/discovery/item/688cf2800000000023028e05?source=webshare&xhsshare=pc_web&xsec_token=AB2bvbonXRzw1dCMBASYglM_w9bZn5WMD3wsxw6P6SxLs=&xsec_source=pc_share
96 ?????do?????? - ??? | ??? - ????????? ?? VPn8piUUERAErFz ?? https://www.xiaohongshu.com/discovery/item/6867ae6f000000000b01e2ce?source=webshare&xhsshare=pc_web&xsec_token=ABXlT0qxMrxYz2S7LDTDEWsMf1FQih4pNaOqev-D2ljg4=&xsec_source=pc_share
6 ?????????????? - Decem | ??? - ????????? ?? azcATLTLYBiTPGm ?? https://www.xiaohongshu.com/discovery/item/67e814ee000000000f038898?source=webshare&xhsshare=pc_web&xsec_token=ABRoMmLRUr_hPvkS1D9GrvFeSMEkfbRNQKkiOFBE5ooQc=&xsec_source=pc_share
58 ?40????????Do??????? - ???????? | ??? - ????????? ?? btPubvWELEZCex0 ?? https://www.xiaohongshu.com/discovery/item/68aec907000000001d005a3b?source=webshare&xhsshare=pc_web&xsec_token=AB6Anb99Axn8UWpeQ_6qeFUHuZ09gHfLSNamr-P6MtrPg=&xsec_source=pc_share
92 ???????do?vlog?????????? - Wuli?? | ??? - ????????? ?? MI8EZ12G3jD9w0A ?? https://www.xiaohongshu.com/discovery/item/6745990a00000000070351b6?source=webshare&xhsshare=pc_web&xsec_token=ABfmMGqDdKnkInQmWq2-aNsxRu-RitO00QcjDrfv7GlXs=&xsec_source=pc_share
68 ??????????????????? - ??????? | ??? - ????????? ?? xM9IQsyH6C5JzcB ?? https://www.xiaohongshu.com/discovery/item/691bc423000000001b021785?source=webshare&xhsshare=pc_web&xsec_token=ABmfy_vcX9csLDca_muE0wS5Fd9pZDbCdy9uUNefxQiHI=&xsec_source=pc_share
55 ? ???CELLUP???? | ??? - ????????? ?? gAtomPmkPcM2Lzt ?? https://www.xiaohongshu.com/discovery/item/6a085091000000003501c89c?source=webshare&xhsshare=pc_web&xsec_token=ABtCmeJ6tgZmYz8mhP8wiiYamQew-O9yM_3c49qkax7tw=&xsec_source=pc_share
31 ??????do??????????? - ??? | ??? - ????????? ?? rKs36E5qYC4NeEW ?? https://www.xiaohongshu.com/discovery/item/69b8f11a000000001b022146?source=webshare&xhsshare=pc_web&xsec_token=ABTh0dNnYSrock_PJJKaSeL3J8qZraiUnYUBe7eud_5jg=&xsec_source=pc_share
75 ???????+????????? - ?????in????? | ??? - ????????? ?? xwqcotoMK8U8a8B ?? https://www.xiaohongshu.com/discovery/item/69c289f10000000020039deb?source=webshare&xhsshare=pc_web&xsec_token=ABJfEPSLrvKkgKoR39Ef0HgfEvkZIsB6GLZ51FdO7E4x8=&xsec_source=pc_share
42 ????????? ??600?????? - ???? | ??? - ????????? ?? kynAoQINkfmAkIN ?? https://www.xiaohongshu.com/discovery/item/69bea91900000000230101f0?source=webshare&xhsshare=pc_web&xsec_token=ABShe3h88AWkeYNt6psQrXu50tWK5LYxoF1d1a4hGjsn4=&xsec_source=pc_share
78 ????????????…… - ?????? | ??? - ????????? ?? 1jL5eX7dW9k1cz8 ?? https://www.xiaohongshu.com/discovery/item/69d5d475000000001b023780?source=webshare&xhsshare=pc_web&xsec_token=AB6y7RAkECTOpn-2LYJaGHnrZMs6bXARMJRM9NT8gaXdA=&xsec_source=pc_share
42 ???????????? - ???????? | ??? - ????????? ?? Rn77lqxn7mH76s4 ?? https://www.xiaohongshu.com/discovery/item/6999ca7c000000000a031681?source=webshare&xhsshare=pc_web&xsec_token=ABvIb-ehVnVf4174U-1-Dy-trnQ8Hjylc9pM86xHLq48k=&xsec_source=pc_share
80 ??????? - vow | ??? - ????????? ?? iHBeaOZfHvj6G7Q ?? https://www.xiaohongshu.com/discovery/item/68d93046000000001400b1fa?source=webshare&xhsshare=pc_web&xsec_token=ABKfi35pueG9vLTPatYr6lj7qzGkf5AOCKcz-tRbtYt7o=&xsec_source=pc_share
44 ????? - ???Raya | ??? - ????????? ?? uMCt8HnQ5I9ID2a ?? https://www.xiaohongshu.com/discovery/item/68983712000000002303726d?source=webshare&xhsshare=pc_web&xsec_token=ABrb83V4Amt9Src12rajV_HykMNUvChi27DwTdOQZc_o8=&xsec_source=pc_share
40 ???????????????????????? - ????? | ??? - ????????? ?? rPlpGlZZY9dr9l9 ?? https://www.xiaohongshu.com/discovery/item/69d617790000000021005227?source=webshare&xhsshare=pc_web&xsec_token=AB0uta0u3QuWfDzMYc4Bp8JTRrHa-CtYKgx2QkfDUStvA=&xsec_source=pc_share
72 ????????????????????… - ?????? | ??? - ????????? ?? M5BAoakZUSg6Hsk ?? https://www.xiaohongshu.com/discovery/item/6a0ff0940000000038023c95?source=webshare&xhsshare=pc_web&xsec_token=ABEIwOd4joyTrTK68jSZMW6mqN0uLlU7Cu-Bfh317pm4U=&xsec_source=pc_share
27 ???????????146??????? - ???5E58E00D | ??? - ????????? ?? iMvVS5eD5aWYztl ?? https://www.xiaohongshu.com/discovery/item/68d3fbdb000000000e024531?source=webshare&xhsshare=pc_web&xsec_token=ABv4GT-zlCt6S-R682ca3733dOSCJZSdNcF5b2sD0Qb4k=&xsec_source=pc_share
41 ????2???????????????? - ???69E47610 | ??? - ????????? ?? 3Lm6OH5fzqUeTRj ?? https://www.xiaohongshu.com/discovery/item/6a0d6662000000000702d3de?source=webshare&xhsshare=pc_web&xsec_token=ABM62rV3GhXB3HF1q8BKjjVa24Imoeu6awttD-NCyKOJk=&xsec_source=pc_share
54 ?????99%?????[kissR] - ????????????? | ??? - ????????? ?? rrhGF0q10guEaHo ?? https://www.xiaohongshu.com/discovery/item/68de3d85000000000700270a?source=webshare&xhsshare=pc_web&xsec_token=ABkvatQQ0k9yd2Xc736nfKdBgpfjdbP2qt1K-bivHgS80=&xsec_source=pc_share
62 ?????????????do??????? - ??????? | ??? - ????????? ?? 5wEG7WGg0IzRCwX ?? https://www.xiaohongshu.com/discovery/item/68dce90d000000000303a01b?source=webshare&xhsshare=pc_web&xsec_token=ABwjve9u_BZHgLa7Fidl1U_L0PvfyqFKTLrAG6NqLXrk8=&xsec_source=pc_share
99 ???????????8w????????? - ?? | ??? - ????????? ?? e7uXs55kLi1Ybnx ?? https://www.xiaohongshu.com/discovery/item/69ea367e0000000023005531?source=webshare&xhsshare=pc_web&xsec_token=ABA0Y_Up08hChAnbyw7VSTMfXvTboLg6BmtAdH3PSwxDQ=&xsec_source=pc_share
63 ?????????????…??????? - BRANDNEW??? | ??? - ????????? ?? LKjeqkiYNv4ZoS1 ?? https://www.xiaohongshu.com/discovery/item/6a0c1ae50000000008030c6a?source=webshare&xhsshare=pc_web&xsec_token=ABQaMkjPCJoPoENHWMsTiyNgCgZQqw-vIEU2QQI1P905M=&xsec_source=pc_share
32 ????????????????????? - ?????????? | ??? - ????????? ?? N0lI0kGyVY7DiGQ ?? https://www.xiaohongshu.com/discovery/item/6969e98e000000002102b0ee?source=webshare&xhsshare=pc_web&xsec_token=AB4xGFZmK_jCjlUfmkwphZn6ROd2rmmPMJp881LE0VBos=&xsec_source=pc_share
78 ????????????? - ?????? ????? | ??? - ????????? ?? ZDbFgluNd5VuCg7 ?? https://www.xiaohongshu.com/discovery/item/693fd024000000001e024a6f?source=webshare&xhsshare=pc_web&xsec_token=ABsJyQ23y-n4OcaewU-diKdpDNKD9Jv31bhwQKYSZGCc0=&xsec_source=pc_share
54 ?????????????? - ?? | ??? - ????????? ?? zi48beMN8xMt8XG ?? https://www.xiaohongshu.com/discovery/item/6a16c3780000000036001e74?source=webshare&xhsshare=pc_web&xsec_token=ABbUF6sWpfndVFYDkayNVVMvMyg3t1PhBP0WXfm2OR1II=&xsec_source=pc_share
12 ????????????????????? - ???????? | ??? - ????????? ?? SlfZ55rITQzxRhz ?? https://www.xiaohongshu.com/discovery/item/68a9932d000000001b01d938?source=webshare&xhsshare=pc_web&xsec_token=AB9Hl3fSqbt7-YWFLZidJGuBxxjdEE0gW9y7Y0FGWFrd0=&xsec_source=pc_share
25 ? ???CELLUP???? | ??? - ????????? ?? omZ1bCYeNwNnxij ?? https://www.xiaohongshu.com/discovery/item/6a052af7000000003501fbf2?source=webshare&xhsshare=pc_web&xsec_token=ABlrOE2K2hXqfTedx_bN7J9W1DFle_e9Ltx269RwOweUw=&xsec_source=pc_share
63 ???????????????? - ????????? | ?? | ??? - ????????? ?? rG5zzEgjYqiBcLG ?? https://www.xiaohongshu.com/discovery/item/6a0dc6650000000008001b5b?source=webshare&xhsshare=pc_web&xsec_token=ABM62rV3GhXB3HF1q8BKjjVZvQQXu74P_WsmKULBBffWU=&xsec_source=pc_share
60 ???????????????? - ???BiuBiu?? | ??? - ????????? ?? 4nZIqdAl8gJAiqU ?? https://www.xiaohongshu.com/discovery/item/6848e5730000000021005c63?source=webshare&xhsshare=pc_web&xsec_token=ABnwzodJuioTyFRdhtPU-atSkE9iDy4JEcWkZe4qHmea4=&xsec_source=pc_share
39 ???D?A???????????? - ??????? | ??? - ????????? ?? ZmBfsz4AultG9yy ?? https://www.xiaohongshu.com/discovery/item/68c29743000000001d02a269?source=webshare&xhsshare=pc_web&xsec_token=ABP7VXkPrtOa-B0hmAV53UwdQg1LQfr7k6wiyMgshEWxk=&xsec_source=pc_share
21 ???2024???????????????? - ???????? | ??? - ????????? ?? U2T58Mbm9w6icuu ?? https://www.xiaohongshu.com/discovery/item/66923efa000000002501415a?source=webshare&xhsshare=pc_web&xsec_token=ABiteM8P4Ph-sQ7Z5v2uoCgpuNhMDlXujbyxKwZelRB9A=&xsec_source=pc_share
10 ??????????????????????????? - ???? | ??? - ????????? ?? ZnDCI2J5wpr8AIo ?? https://www.xiaohongshu.com/discovery/item/6368906800000000070353ff?source=webshare&xhsshare=pc_web&xsec_token=ABiTqVWfUocwW2BCFyqKmFO-TG6N_da-kJZlUavobfWyw=&xsec_source=pc_share
26 ??????????????…… - ???_???? | ??? - ????????? ?? am1cBSJrLLaNY0j ?? https://www.xiaohongshu.com/discovery/item/66c5c320000000001d0165f4?source=webshare&xhsshare=pc_web&xsec_token=ABOj4p7UU4DtNDxCFhUKZ2mpY-ItB0q_dtJicWzN81WRc=&xsec_source=pc_share
97 ???????????????????????? - SEASONS?????? | ??? - ????????? ?? 320IvaklJiD24K6 ?? https://www.xiaohongshu.com/discovery/item/699ed56300000000150395e9?source=webshare&xhsshare=pc_web&xsec_token=ABJQLigy-xmprtXdMS0JZGfl2jqe8nS_68Bnw0Qwcjbwc=&xsec_source=pc_share
51 ??????????? - ????? | ??? - ????????? ?? TtlloLOJPtroZqM ?? https://www.xiaohongshu.com/discovery/item/68711393000000001203d761?source=webshare&xhsshare=pc_web&xsec_token=AB2ld5tNqTmv_f9dkAtXgkcSA6-UjFbDr8zXVY48HfnlA=&xsec_source=pc_share
47 ???????vlog???????????? - ?? | ??? - ????????? ?? hyD71ElX4inVEFY ?? https://www.xiaohongshu.com/discovery/item/685fb301000000001c036e38?source=webshare&xhsshare=pc_web&xsec_token=ABqsrya6shvJ7lDNoh7pd467YIRsxu39HnkwqbeFqynTw=&xsec_source=pc_share
16 ?????????? - ???? | ??? - ????????? ?? 27VVPHKFajwjBGT ?? https://www.xiaohongshu.com/discovery/item/69e77ddd000000001b021cec?source=webshare&xhsshare=pc_web&xsec_token=ABsmY32eaPO9EAI805Gprsb1VZfNx9sq_t-_6JLd5k5eA=&xsec_source=pc_share
32 ?????????????????? - ???bean | ??? - ????????? ?? tamPKsJEnVaWXZI ?? https://www.xiaohongshu.com/discovery/item/68affb09000000001d02e065?source=webshare&xhsshare=pc_web&xsec_token=ABm1M1ya1A-HNYlZRfFuDbU21TdStSuwivoC-tBYKQm1M=&xsec_source=pc_share
72 ????????????????????? - ?????? | ??? - ????????? ?? GLFGDEOMA6ydPK4 ?? https://www.xiaohongshu.com/discovery/item/691ef83c000000001e010fd5?source=webshare&xhsshare=pc_web&xsec_token=ABGz_ymhXOS1dyyjFfSGJkes_NNF2gq-8jks0vmLiD3is=&xsec_source=pc_share
44 ?vlog???????????? - ??? | ??? - ????????? ?? 2PfhBUZt4PYjaJw ?? https://www.xiaohongshu.com/discovery/item/6970cbe5000000002103e30a?source=webshare&xhsshare=pc_web&xsec_token=ABJqtjZwrLCEvsdDhxheq1GWaCefpgq5jsMPPwAqYEli0=&xsec_source=pc_share
16 ???id? ???????? - iD???? | ??? - ????????? ?? M5o3bTv90d3q3iI ?? https://www.xiaohongshu.com/discovery/item/69eb3f270000000020038697?source=webshare&xhsshare=pc_web&xsec_token=ABWPJGWFR5D1LODvBxyNOfRp0DwxxCwkxqsbatPsSK4aY=&xsec_source=pc_share
48 ?37???????????????? - ??? | ??? - ????????? ?? dKKZp0kKWp0jLdy ?? https://www.xiaohongshu.com/discovery/item/68da3a8e0000000011014760?source=webshare&xhsshare=pc_web&xsec_token=AB4OQWZXrKcRJTl6HvTNHtadymZURnZSseKoUCsQI6dZ0=&xsec_source=pc_share
46 ????? ???????????Onda???? - ??Vicky | ??? - ????????? ?? kXzuNYxFDglckxJ ?? https://www.xiaohongshu.com/discovery/item/690349d4000000000503ae6f?source=webshare&xhsshare=pc_web&xsec_token=AB2cQJAve7izW-9KF-JBMJ_c8U4KaF9OITHnfRV4TrWQI=&xsec_source=pc_share
76 ????????????????? - ????????? | ??? - ????????? ?? Yb1jdINXyvPUKRz ?? https://www.xiaohongshu.com/discovery/item/6946869b000000001b032e30?source=webshare&xhsshare=pc_web&xsec_token=ABtGo7Z__iOF5mCN-YNx1r78Z-8IjKBxotoe3vlzePy7U=&xsec_source=pc_share
95 ????????????????? - yunny ?? ???? | ??? - ????????? ?? 9jBv8hcmJkyWcqb ?? https://www.xiaohongshu.com/discovery/item/6870a1ea00000000170365bc?source=webshare&xhsshare=pc_web&xsec_token=ABP229fDLJZJhO5uEHymHOrSZIQCNBsRrF7dz8iAhxSdA=&xsec_source=pc_share
90 ???Do??????&??&???????? - ????Max | ??? - ????????? ?? yifBWTmPRwx4AVA ?? https://www.xiaohongshu.com/discovery/item/690f17010000000007014f7e?source=webshare&xhsshare=pc_web&xsec_token=ABj25oam22UbcC2Y3yfOHbYXVX82a2qaOrTazzXrvckmU=&xsec_source=pc_share
1 ?????????????????? - ?? | ??? - ????????? ?? tzokvgFio3OP7rP ?? https://www.xiaohongshu.com/discovery/item/695e5fa0000000000e03c4a7?source=webshare&xhsshare=pc_web&xsec_token=ABh_5YtreuMdsyeDpDr48PJlFu8CxXzT3u4t4ch-vJ-6w=&xsec_source=pc_share
91 ?????????????????? - ????? | ??? - ????????? ?? 56QCs45IrPNYy4B ?? https://www.xiaohongshu.com/discovery/item/6a0edbf60000000038022f1a?source=webshare&xhsshare=pc_web&xsec_token=ABXMSFhwiiDDu7-ajum0zXXNPO0Tk6qmAU2lRYPBkF7-g=&xsec_source=pc_share
11 ? ???CELLUP???? | ??? - ????????? ?? MTkpxzvAeqxMdEG ?? https://www.xiaohongshu.com/discovery/item/6a052af7000000003501fbf2?source=webshare&xhsshare=pc_web&xsec_token=ABlrOE2K2hXqfTedx_bN7J9W1DFle_e9Ltx269RwOweUw=&xsec_source=pc_share
53 ? ???CELLUP???? | ??? - ????????? ?? k8geGSNKSpipgIV ?? https://www.xiaohongshu.com/discovery/item/6a13ffb2000000003503bcfc?source=webshare&xhsshare=pc_web&xsec_token=AB7EQ5sMv2sNz3z9KBmkRFmu9jjd81ilUmeRMFP4dSohQ=&xsec_source=pc_share
24 ? ??? | ??? - ????????? ?? VYSaQxDOAN1iHTc ?? https://www.xiaohongshu.com/discovery/item/69fb2769000000003700dbfa?source=webshare&xhsshare=pc_web&xsec_token=ABprHeB-0B-oRH_Ha1JbheAWNtR_xU7PenstX7DD7YhoE=&xsec_source=pc_share
34 ??????????????? - W&M(???????? | ??? - ????????? ?? LBLZ6XW99N9dWI0 ?? https://www.xiaohongshu.com/discovery/item/69798f3a00000000220221ea?source=webshare&xhsshare=pc_web&xsec_token=ABHRkFn9Y7u5Z6IGLA5GCKwwAitPgbj6SRbduwq7y4Wfo=&xsec_source=pc_share
45 ????????????????? - ???? | ??? - ????????? ?? xdChYXIeZlAntq9 ?? https://www.xiaohongshu.com/discovery/item/69dcbea2000000001f0038fe?source=webshare&xhsshare=pc_web&xsec_token=AB_fbTFx0m4bDToN8YSfdXDZVpp7aCnJ2nWC7SxE5CQUo=&xsec_source=pc_share
28 ???????????20000 ???????… - ????? | ??? - ????????? ?? BYqOOCSSSq0RAKJ ?? https://www.xiaohongshu.com/discovery/item/696cdb70000000000b00a806?source=webshare&xhsshare=pc_web&xsec_token=ABGRBr-WKNxws-nBfU41VE7oA8uyOqj2WZU6i5QVKJf-g=&xsec_source=pc_share
62 ???????????5000?…… - Yuky? | ??? - ????????? ?? aFntXLpSPWOPwgJ ?? https://www.xiaohongshu.com/discovery/item/69ddcc82000000001f003e08?source=webshare&xhsshare=pc_web&xsec_token=ABFOHAk72nBqil7OAphCLXPw8YPuZIAloL8vcnHH6uWTk=&xsec_source=pc_share
27 ???????????24h??do???????? - pika? | ??? - ????????? ?? ynMbYGu69v4gctu ?? https://www.xiaohongshu.com/discovery/item/6a14360f0000000006023d75?source=webshare&xhsshare=pc_web&xsec_token=ABSb7veZvpJBisJMarj1cX7PUzOsaTb9czX04uYOXWHxs=&xsec_source=pc_share
77 ?2026????? - ???mm | ??? - ????????? ?? bfs8oZSqjyGlE0v ?? https://www.xiaohongshu.com/discovery/item/6a15b03700000000360039e9?source=webshare&xhsshare=pc_web&xsec_token=ABTpz6o7dU4Ws4IYTE1ulod7_bO_QuGl7j8344XZF9ANs=&xsec_source=pc_share
72 ????????????????????…… - ????? | ??? - ????????? ?? RpPJWS3TLEMBcYq ?? https://www.xiaohongshu.com/discovery/item/699b15eb000000000a032939?source=webshare&xhsshare=pc_web&xsec_token=ABSNf2g_L9BseezbiuoX2a3V_AJgVVqyATBIkfi5cDn-c=&xsec_source=pc_share
90 ?????????????????????? - ???? | ??? - ????????? ?? kP7HfGbYSBzjWCS ?? https://www.xiaohongshu.com/discovery/item/69f5cdf50000000036030830?source=webshare&xhsshare=pc_web&xsec_token=ABRm5AMe2HNVBb8AWke6ZCIhYUt_HqiNKmRMue4TCf7BA=&xsec_source=pc_share
42 ????????????????????? - ?????????? | ??? - ????????? ?? AhOiY0bgsmcAB2N ?? https://www.xiaohongshu.com/discovery/item/6969e98e000000002102b0ee?source=webshare&xhsshare=pc_web&xsec_token=AB4xGFZmK_jCjlUfmkwphZn6ROd2rmmPMJp881LE0VBos=&xsec_source=pc_share
93 ???RE:NA CLINIC????????????? - CHD???? | ??? - ????????? ?? a6WUqwy65wdeUrZ ?? https://www.xiaohongshu.com/discovery/item/69a860450000000026030e99?source=webshare&xhsshare=pc_web&xsec_token=ABOAQgIQ2Bkk1zj0RF13O10c50YFdH7f0Wr9xV4rNDJTw=&xsec_source=pc_share
9 ????????????????????…??? - ???????? | ??? - ????????? ?? dOFJhYAPRQag52d ?? https://www.xiaohongshu.com/discovery/item/68b7fcee000000001d03beef?source=webshare&xhsshare=pc_web&xsec_token=AB-GPnmEnCGV_HUe_GBdNz6-JhzMMOohEGuRk0AtfCKWY=&xsec_source=pc_share
40 ?????????????????? - ?????? | ??? - ????????? ?? sLXWjiMN2MgLfyT ?? https://www.xiaohongshu.com/discovery/item/68f0c8af0000000003037f26?source=webshare&xhsshare=pc_web&xsec_token=ABnR0Jpw_wDDwIz-K-VnXIpIJRWSLv7Qk0aOtfv4bWI68=&xsec_source=pc_share
79 ?90???48h???????? - ??? | ??? - ????????? ?? Q6fMqvNw3c79mrk ?? https://www.xiaohongshu.com/discovery/item/68da65ec00000000130361fb?source=webshare&xhsshare=pc_web&xsec_token=AB4OQWZXrKcRJTl6HvTNHtaVLpM1R1ZVRR3phgPVELbVg=&xsec_source=pc_share
97 ??????????? do????? - ?????? | ??? - ????????? ?? 5N8dzedNg8R5Tho ?? https://www.xiaohongshu.com/discovery/item/694d504d000000001f005827?source=webshare&xhsshare=pc_web&xsec_token=ABP9jBr4R1i6zEz5PM8JPvTgoZkKpZWQHKyi8lr3IgN2s=&xsec_source=pc_share
"31 ?33????????, - HYEN ?? ??? | ??? - ????????? ?? WjcyiAVAm1l9rxK ?? https://www.xiaohongshu.com/discovery/item/696b6306000000002203bfc8?source=webshare&xhsshare=pc_web&xsec_token=ABTNOKVm_ybpr7_d1gkOv59xJY_yOD7Y_e8EN6KDfzigo=&xsec_source=pc_share"
90 ?????i???| ???????vlog - leshine??? | ??? - ????????? ?? pviz5ZuXuYErzXp ?? https://www.xiaohongshu.com/discovery/item/68e4ffc300000000050114ee?source=webshare&xhsshare=pc_web&xsec_token=ABN7jI-pk5FYZ8NFyJCbJkGwrJODlCaDo1mglghREQb_8=&xsec_source=pc_share
70 ????????0n da ?????? ??du??? - ??? | ??? - ????????? ?? t4PkDdMpNoShx6M ?? https://www.xiaohongshu.com/discovery/item/6a15b4590000000035024289?source=webshare&xhsshare=pc_web&xsec_token=ABTpz6o7dU4Ws4IYTE1ulod_qAsivrfJgPmKucsi8RnTI=&xsec_source=pc_share
91 ?????????? - ??ANNE???? | ??? - ????????? ?? L8HHTTY50fx69MT ?? https://www.xiaohongshu.com/discovery/item/69b131930000000022021b82?source=webshare&xhsshare=pc_web&xsec_token=ABqesvbAjGFuBE9k7GbfHvYhLO9-BZI42W2wqxEi80D0M=&xsec_source=pc_share
8 ?????? - ?1u | ??? - ????????? ?? C2G63KdVC1e7f4O ?? https://www.xiaohongshu.com/discovery/item/68886bfd0000000022023cc6?source=webshare&xhsshare=pc_web&xsec_token=AB-NO7BlnnRSH7ATBc3UHCDX3i_-LsufgrdCOE6zHaDxM=&xsec_source=pc_share
99 ???3????????????????… - ????? | ??? - ????????? ?? JdcVa9k0ytWpcFA ?? https://www.xiaohongshu.com/discovery/item/68835878000000002201f8ab?source=webshare&xhsshare=pc_web&xsec_token=AB2nIRnN5jfqWDitcaCQGPFEFHMFV9Vm1UeGely3K5Maw=&xsec_source=pc_share
53 ? ???_?? | ??? - ????????? ?? oRDWeFXhsznMhrY ?? https://www.xiaohongshu.com/discovery/item/68d116f7000000000e0321e3?source=webshare&xhsshare=pc_web&xsec_token=ABrfmdFf2T2BFoxq4jKvMaCT_xmWWbjmEHmlE7-53th-A=&xsec_source=pc_share
9 ???????“????”?????????? - ???ing?? | ??? - ????????? ?? DBRhouvbHXnuP6q ?? https://www.xiaohongshu.com/discovery/item/68d140e80000000011016c4d?source=webshare&xhsshare=pc_web&xsec_token=ABrfmdFf2T2BFoxq4jKvMaCQV4JrPYT5UqjzLDU1M9RXk=&xsec_source=pc_share
54 ?????????????…??????? - BRANDNEW??? | ??? - ????????? ?? AnwywU0FCah3ASq ?? https://www.xiaohongshu.com/discovery/item/6a0c1ae50000000008030c6a?source=webshare&xhsshare=pc_web&xsec_token=ABQaMkjPCJoPoENHWMsTiyNgCgZQqw-vIEU2QQI1P905M=&xsec_source=pc_share
21 ?90??????? ??? - ???6A0FFF96 | ??? - ????????? ?? 1ObfTKxhXSnmdLP ?? https://www.xiaohongshu.com/discovery/item/6a0fec760000000013020400?source=webshare&xhsshare=pc_web&xsec_token=ABEIwOd4joyTrTK68jSZMW6kF_UhGKzEziodF5wuNWWsU=&xsec_source=pc_share
79 ???????????????????? - ?????? | ??? - ????????? ?? YBDyQnk679AHfMe ?? https://www.xiaohongshu.com/discovery/item/6a150bac0000000013020402?source=webshare&xhsshare=pc_web&xsec_token=ABTpz6o7dU4Ws4IYTE1ulodw1tXOvJzLMVdRptkQJtKM8=&xsec_source=pc_share
74 ?????????????? - ???????c???????? | ??? - ????????? ?? Ob92Kdwf5E5PNT2 ?? https://www.xiaohongshu.com/discovery/item/691340ef000000000302f1fb?source=webshare&xhsshare=pc_web&xsec_token=AB5T5D3DtDtWJizCeoYcHD8BIUv7IZM2PncUdFt7dir48=&xsec_source=pc_share
37 ???????1k onda???????? - Abijou???????? | ??? - ????????? ?? m04zgIIwprGtLvQ ?? https://www.xiaohongshu.com/discovery/item/6a0f079000000000070266a3?source=webshare&xhsshare=pc_web&xsec_token=ABEIwOd4joyTrTK68jSZMW6njLgzjwZBsVlIjFzIoAK1s=&xsec_source=pc_share
15 ???PFK???????????????? - ???_li | ??? - ????????? ?? EmMICTzkRVPzPZq ?? https://www.xiaohongshu.com/discovery/item/683f0785000000002300fcd0?source=webshare&xhsshare=pc_web&xsec_token=ABkAn3WNNdAj6HB1SfwCw4U1vRtGbFFa0Chu5FMmY8QZg=&xsec_source=pc_share
25 ????????????????????? - ????? | ??? - ????????? ?? xxa1pNmXs4DRZAz ?? https://www.xiaohongshu.com/discovery/item/6856c53c000000001c034006?source=webshare&xhsshare=pc_web&xsec_token=ABleX8tIDY015haCUxvkh5IjEhtd5OcIaKe8isLU-tkE0=&xsec_source=pc_share
15 ??????????????ppffkk - ???? | ??? - ????????? ?? 8nb031hsm2zt72a ?? https://www.xiaohongshu.com/discovery/item/6a1698540000000007023cf8?source=webshare&xhsshare=pc_web&xsec_token=ABbUF6sWpfndVFYDkayNVVMkOlewa1vTxMMBHsJPeyZ5Y=&xsec_source=pc_share
95 ????????????????????… - ?????? | ??? - ????????? ?? yGEM0lRcUIxGaqr ?? https://www.xiaohongshu.com/discovery/item/6a0ff0940000000038023c95?source=webshare&xhsshare=pc_web&xsec_token=ABEIwOd4joyTrTK68jSZMW6mqN0uLlU7Cu-Bfh317pm4U=&xsec_source=pc_share
71 ??????????????? - ??????????????? | ??? - ????????? ?? BJhymMqDK35Tf04 ?? https://www.xiaohongshu.com/discovery/item/69145473000000001b031557?source=webshare&xhsshare=pc_web&xsec_token=ABy3KmQtNqKrbe1ywhMrIiQdcdlgWlk6f29Cgy4VHAF7U=&xsec_source=pc_share
75 ????vlog?????do????????? - ??????? | ??? - ????????? ?? cW1TVd7j2IDfxth ?? https://www.xiaohongshu.com/discovery/item/69db695d0000000022001bd3?source=webshare&xhsshare=pc_web&xsec_token=ABMyxV0a-U1eqggh1lbvG7-xw1zzGE8Jm-K_J7m6Qg9O0=&xsec_source=pc_share
81 ?34??????????????????? - ??????? | ??? - ????????? ?? 9ucyJGHipTVideC ?? https://www.xiaohongshu.com/discovery/item/695e2e100000000021032359?source=webshare&xhsshare=pc_web&xsec_token=ABh_5YtreuMdsyeDpDr48PJg8KTGa4i77V7Xl5N2il07w=&xsec_source=pc_share
22 ??????????????do????? - ??????????Redream | ??? - ????????? ?? tNhxwalDnTlCYKO ?? https://www.xiaohongshu.com/discovery/item/695e2e2e000000000a02f7e4?source=webshare&xhsshare=pc_web&xsec_token=ABh_5YtreuMdsyeDpDr48PJplfCpLncpbqHLQRpPrzSYs=&xsec_source=pc_share
34 ?????????… - ???? | ??? - ????????? ?? 9Yo19HhYqELGhlj ?? https://www.xiaohongshu.com/discovery/item/69bfafad000000001a0266ca?source=webshare&xhsshare=pc_web&xsec_token=ABwU8QrBZh0N5aNWyHostf_KeButylEGn6QuWRBlmXNYs=&xsec_source=pc_share
98 ?????Brandnew|???5??????? - Niki???? | ??? - ????????? ?? tCPjnQoDsg00I98 ?? https://www.xiaohongshu.com/discovery/item/69db0cf80000000021007215?source=webshare&xhsshare=pc_web&xsec_token=ABMyxV0a-U1eqggh1lbvG7-8E6IYpIJ7GW_Ry5xBjwlcA=&xsec_source=pc_share
73 ?????????????????? - ???Tivia???????? | ??? - ????????? ?? 2glRCugDvOCqcrw ?? https://www.xiaohongshu.com/discovery/item/6a0addec00000000350223a5?source=webshare&xhsshare=pc_web&xsec_token=ABJwfQkIU_65fNb1tui4xm3hDllJJtcN1-wrPORzVjo9Y=&xsec_source=pc_share
85 ???????????8w????????? - ?? | ??? - ????????? ?? Z6pl1gOnMabvFp8 ?? https://www.xiaohongshu.com/discovery/item/69ea367e0000000023005531?source=webshare&xhsshare=pc_web&xsec_token=ABA0Y_Up08hChAnbyw7VSTMfXvTboLg6BmtAdH3PSwxDQ=&xsec_source=pc_share
39 ???do??? | ??????????8? - ??????| ???? | ??? - ????????? ?? kKB3roDjzRtFmx9 ?? https://www.xiaohongshu.com/discovery/item/68876c9e00000000230066b7?source=webshare&xhsshare=pc_web&xsec_token=ABq5swxgCiK8ZBsaVFLpLTF8hXI1i9NvR7e9K4HiRKwI8=&xsec_source=pc_share
55 ? CHENG | ??? - ????????? ?? RPvdy4SMbfvmQKK ?? https://www.xiaohongshu.com/discovery/item/69493425000000000d00f9e6?source=webshare&xhsshare=pc_web&xsec_token=AB5sJQN3cKHZOhMdYt5aIIovBenw8OTuL-CUlliLMhPkg=&xsec_source=pc_share
43 ???????? - ?????? | ??? - ????????? ?? hSxpnMPSwhIHiF4 ?? https://www.xiaohongshu.com/discovery/item/68fb0ee70000000007038811?source=webshare&xhsshare=pc_web&xsec_token=ABPm4ovOrg2uxexC95NyXR6k4_HIT89kZ5snbUepKFQYs=&xsec_source=pc_share
25 ???Do???????????? - ???? | ??? - ????????? ?? 0FPZ3uQ24EnqtNx ?? https://www.xiaohongshu.com/discovery/item/6a15b4400000000008001b1e?source=webshare&xhsshare=pc_web&xsec_token=ABTpz6o7dU4Ws4IYTE1ulod66f1Xms6lVuwfaRq4TTbGg=&xsec_source=pc_share
70 ????????vlog - ????? | ??? - ????????? ?? xeKdauYX3VAUi7P ?? https://www.xiaohongshu.com/discovery/item/6a042df40000000008001212?source=webshare&xhsshare=pc_web&xsec_token=AB7B3lrmuO0MyndwHatHJEhJiXowDjcJOaGq7-u1gCg4Q=&xsec_source=pc_share
66 ???24h??9???????????? - ????? | ??? - ????????? ?? NyPGXFnwxzeL1v3 ?? https://www.xiaohongshu.com/discovery/item/69a569ae000000002603ef1f?source=webshare&xhsshare=pc_web&xsec_token=ABdoIJEaHJrz64SJzka5HOeADtfJ0ZvxEH8SnB47Z1xd0=&xsec_source=pc_share
81 ???????????????? - 97 | ??? - ????????? ?? Z6XVZWoB70L3s7T ?? https://www.xiaohongshu.com/discovery/item/69ddf964000000001e00dc22?source=webshare&xhsshare=pc_web&xsec_token=ABFOHAk72nBqil7OAphCLXP3bLhH-Pg0D7XAIlHuIpF6E=&xsec_source=pc_share
28 ??????live?????? - ???Jay???????? | ??? - ????????? ?? GiBGc6ewmWgbsxX ?? https://www.xiaohongshu.com/discovery/item/69d08970000000001e00dec3?source=webshare&xhsshare=pc_web&xsec_token=ABocAf9ntkSM_KZyLisezu266qA-DGsoycmqTgvnvTMRc=&xsec_source=pc_share
56 ???????????? ? ???????? - Chloe Luk | ??? - ????????? ?? y62Nth69v6OlPG4 ?? https://www.xiaohongshu.com/discovery/item/66723e60000000000600454a?source=webshare&xhsshare=pc_web&xsec_token=ABTOdCHn0L31UWojLkuMwmPBnsmXr_dHVQtY88sG0HmWY=&xsec_source=pc_share
51 ?????????Spa?????? - ???? | ??? - ????????? ?? s9L9MZhnPFQRnPq ?? https://www.xiaohongshu.com/discovery/item/67dd4585000000000302bef5?source=webshare&xhsshare=pc_web&xsec_token=ABP0F4rnd36VnUraVZW-pC1NHuvUY5hvy0SIaCqkPME7M=&xsec_source=pc_share
52 ???????????????????? - ???69E8A8EA | ??? - ????????? ?? p17NGVwXBKImNmr ?? https://www.xiaohongshu.com/discovery/item/68341fdb00000000210070e9?source=webshare&xhsshare=pc_web&xsec_token=ABIePRAMowCuElS6MBzcRpOuqc8ZezloUSLcdenmxQRoM=&xsec_source=pc_share
48 ??????|????????? - ?????|Younger | ??? - ????????? ?? 4EDkyD4iMkE9k7x ?? https://www.xiaohongshu.com/discovery/item/6a18318b0000000038036ec8?source=webshare&xhsshare=pc_web&xsec_token=ABEihF1r9sKyLdt3TPbYNv86BdyUVQUrPkkG52erbUvUI=&xsec_source=pc_share
22 ?????????????? - ?? | ??? - ????????? ?? cZWNs6Xz2UBjRq1 ?? https://www.xiaohongshu.com/discovery/item/6a16c3780000000036001e74?source=webshare&xhsshare=pc_web&xsec_token=ABbUF6sWpfndVFYDkayNVVMvMyg3t1PhBP0WXfm2OR1II=&xsec_source=pc_share
55 ???????????? - ???Jay???????? | ??? - ????????? ?? lj7mGEXAKZL96rK ?? https://www.xiaohongshu.com/discovery/item/69d76e2c000000002202aa57?source=webshare&xhsshare=pc_web&xsec_token=ABMkbCy1-ydvnI9Rc90OGHKdNuzBMTqCyTrKU0Etl7igk=&xsec_source=pc_share
80 ?id????????????????? - id?????? | ??? - ????????? ?? WJq7Jez5kPIbSKK ?? https://www.xiaohongshu.com/discovery/item/69ec91cc000000002202814c?source=webshare&xhsshare=pc_web&xsec_token=ABhEGcf3Z04c1kzofIrRYqjEdCCoQYp5yknq5MBPonj5I=&xsec_source=pc_share
68 ???????????? - ?????? | ??? - ????????? ?? U0DELBAiWvfAmg0 ?? https://www.xiaohongshu.com/discovery/item/68873e59000000000d0189ed?source=webshare&xhsshare=pc_web&xsec_token=ABq5swxgCiK8ZBsaVFLpLTF2NNEb4kXJTXRJbUJDa2BP8=&xsec_source=pc_share
82 ????????????????????? - Abijou???&????? | ??? - ????????? ?? VWR9saoovObJMoN ?? https://www.xiaohongshu.com/discovery/item/6a02f69f00000000060228a0?source=webshare&xhsshare=pc_web&xsec_token=ABWsG9lLTBY4bS7VYyDyOurmClf7hlbB8Xkc-Vn3ZQf-8=&xsec_source=pc_share
63 ????????????? - ?????? | ??? - ????????? ?? Dt3EEaRmPF8anr2 ?? https://www.xiaohongshu.com/discovery/item/69d711de0000000023025d5a?source=webshare&xhsshare=pc_web&xsec_token=ABMkbCy1-ydvnI9Rc90OGHKQv_KXuWn29zLp5pHPYkx7k=&xsec_source=pc_share
38 ??????do???????????? - ?? | ??? - ????????? ?? WXaTEFnSuw2EsiR ?? https://www.xiaohongshu.com/discovery/item/691a867a000000000d03a430?source=webshare&xhsshare=pc_web&xsec_token=ABElulFcUBj8X_wRSENr3YV36Lz-2Bjl3hcsOeDNJIK8E=&xsec_source=pc_share
83 ?????????????????????? - ???? | ??? - ????????? ?? K2CtyfWdEnSSb6n ?? https://www.xiaohongshu.com/discovery/item/66581499000000001303fd97?source=webshare&xhsshare=pc_web&xsec_token=ABHPFGgZwiSN9f6yZzX34vB_FlhuJkKMBfMpbk56wDeMc=&xsec_source=pc_share
60 ?“???”??????????? - ???69D00854 | ??? - ????????? ?? WwTnon2L4dIB3m8 ?? https://www.xiaohongshu.com/discovery/item/6785181f000000002001fca2?source=webshare&xhsshare=pc_web&xsec_token=ABswla_xYzs1So0X1vQBMhIJZUt2-qwqPVc_YIeO2vHKA=&xsec_source=pc_share
33 ???????????????????~ - ??????? | ??? - ????????? ?? FOZHNlQJGEmBrFZ ?? https://www.xiaohongshu.com/discovery/item/67e662b1000000000900f5f0?source=webshare&xhsshare=pc_web&xsec_token=ABkgEBQNiOQM1_oHtjVv_SGVlEl8yuQhB1dSpo7UXkLUc=&xsec_source=pc_share
93 ???????????????????? - Delight??? | ??? - ????????? ?? QjAAhsEhAeQ9ZNi ?? https://www.xiaohongshu.com/discovery/item/69dcb9550000000021038822?source=webshare&xhsshare=pc_web&xsec_token=AB_fbTFx0m4bDToN8YSfdXDbNW6eF6tZhUCx7OerbOfUo=&xsec_source=pc_share
98 ???ONDA????????????? - ???????? | ??? - ????????? ?? j3yK900bPD7Ei4i ?? https://www.xiaohongshu.com/discovery/item/6a0e6c5a0000000035032b9f?source=webshare&xhsshare=pc_web&xsec_token=ABXMSFhwiiDDu7-ajum0zXXG8YO3CYJMTUVDZEW-xV0jo=&xsec_source=pc_share
62 ???????????? - ???Thecell | ??? - ????????? ?? wVW6CKxYgabWeGe ?? https://www.xiaohongshu.com/discovery/item/69c39011000000002103b817?source=webshare&xhsshare=pc_web&xsec_token=ABLzsSlLfQfq4I1beFrT8tjbttVIttItcxzG13NImg1XI=&xsec_source=pc_share
62 ?do???????????? - ??????????? | ??? - ????????? ?? enrZXoCdfKW4RuK ?? https://www.xiaohongshu.com/discovery/item/6a16c3d5000000003703415a?source=webshare&xhsshare=pc_web&xsec_token=ABbUF6sWpfndVFYDkayNVVMjteTNIov0bdase_uq6cQ-E=&xsec_source=pc_share
24 ? ????-???? | ??? - ????????? ?? fiMiHNBFE79vq6c ?? https://www.xiaohongshu.com/discovery/item/6a16e40200000000360329cc?source=webshare&xhsshare=pc_web&xsec_token=ABbUF6sWpfndVFYDkayNVVMtbMFZiTyzo-wTc2_VSRC6A=&xsec_source=pc_share
14 ? ????-???? | ??? - ????????? ?? xZxtbdBrVt3bZ6e ?? https://www.xiaohongshu.com/discovery/item/6a13d5350000000038034926?source=webshare&xhsshare=pc_web&xsec_token=AB7EQ5sMv2sNz3z9KBmkRFmnGUYIkGm4L89iXig5qIpc8=&xsec_source=pc_share
75 ??????????????????????? - ????? | ??? - ????????? ?? 72Kypc6BkODFyOb ?? https://www.xiaohongshu.com/discovery/item/69da1bc40000000023022176?source=webshare&xhsshare=pc_web&xsec_token=ABl7TC3AXmlgAD8l5YSdzrIwn_XNwhPaC1JSqGsuFdYCc=&xsec_source=pc_share
13 ?????pfk - ??? | ??? - ????????? ?? Ywhdp0lb6kUAG1W ?? https://www.xiaohongshu.com/discovery/item/68c0122c000000001c0334d4?source=webshare&xhsshare=pc_web&xsec_token=ABwd64PKBqWzWuaAilt3o8iwcZYGUk42sph8zesVPS2y8=&xsec_source=pc_share
24 ?Seoul Vlog | ??24h????????????? - ??? | ??? - ????????? ?? 8VDP9RkAqRLkAKb ?? https://www.xiaohongshu.com/discovery/item/6811f787000000002100df76?source=webshare&xhsshare=pc_web&xsec_token=ABFdF51b7C0nOnSAVpXkXhtWYDMDVYCbVOF95BR87k_SI=&xsec_source=pc_share
60 ???????do????????????? - ?????? | ??? - ????????? ?? xn8TDUjUHVYxDoZ ?? https://www.xiaohongshu.com/discovery/item/66a75442000000002701d9f9?source=webshare&xhsshare=pc_web&xsec_token=AB_hbWIQ41-UPuSajo7yMU0X34Foen8RJzQSz0UeYBnCE=&xsec_source=pc_share
